{"68": {"id": 68, "company_name": "Cube", "alert_duration": "900", "modes": ["PPCN", "CRDN", "CRCN"], "facilities": [272], "email_addresses": ["parthiban.r@hadpl.com"], "created_by": "cubestop-internal@darsa.ai", "company": 204, "status": "running"}, "19": {"id": 19, "company_name": "Cube", "alert_duration": "900", "modes": ["PPCN", "CRCN", "CRDN"], "facilities": [230], "email_addresses": ["cs.channapatna@hadpl.com"], "created_by": "cubestop-internal@darsa.ai", "company": 204, "status": "running"}, "71": {"id": 71, "company_name": "Cube", "alert_duration": "600", "modes": ["PPCN", "CRDN", "CRCN"], "facilities": [230, 231, 232, 261, 269, 270, 271, 272, 273], "email_addresses": ["chitrashree@darsa.ai"], "created_by": "cubestop-internal@darsa.ai", "company": 204, "status": "running"}, "72": {"id": 72, "company_name": "Cube", "alert_duration": "600", "modes": ["PPCN", "CRDN", "CRCN"], "facilities": [230, 231, 232, 261, 270, 271, 269, 272, 273], "email_addresses": ["deepa@darsa.ai"], "created_by": "cubestop-internal@darsa.ai", "company": 204, "status": "running"}, "69": {"id": 69, "company_name": "Cube", "alert_duration": "900", "modes": ["PPCN", "CRDN", "CRCN"], "facilities": [270], "email_addresses": ["cs.mohgaon@hadpl.com"], "created_by": "cubestop-internal@darsa.ai", "company": 204, "status": "running"}, "73": {"id": 73, "company_name": "Cube", "alert_duration": "600", "modes": ["PPCN", "CRDN", "CRCN"], "facilities": [230, 232, 231, 261, 269, 270, 271, 272, 273], "email_addresses": ["vishal@darsa.ai"], "created_by": "cubestop-internal@darsa.ai", "company": 204, "status": "running"}, "75": {"id": 75, "company_name": "Cube", "alert_duration": "900", "modes": ["PPCN", "CRDN", "CRCN"], "facilities": [273], "email_addresses": ["cs.dhanela@hadpl.com"], "created_by": "cubestop-internal@darsa.ai", "company": 204, "status": "running"}, "76": {"id": 76, "company_name": "Cube", "alert_duration": "900", "modes": ["PPCN", "CRDN", "CRCN"], "facilities": [269], "email_addresses": ["cs.eklera@hadpl.com"], "created_by": "cubestop-internal@darsa.ai", "company": 204, "status": "running"}, "77": {"id": 77, "company_name": "Cube", "alert_duration": "900", "modes": ["PPCN", "CRDN", "CRCN"], "facilities": [261], "email_addresses": ["cs.biliyada@hadpl.com"], "created_by": "cubestop-internal@darsa.ai", "company": 204, "status": "running"}, "78": {"id": 78, "company_name": "Cube", "alert_duration": "900", "modes": ["PPCN", "CRCN", "CRDN"], "facilities": [271], "email_addresses": ["cs.khalghat@hadpl.com"], "created_by": "cubestop-internal@darsa.ai", "company": 204, "status": "running"}, "18": {"id": 18, "company_name": "Cube", "alert_duration": "900", "modes": ["PPCN", "CRCN", "CRDN"], "facilities": [231], "email_addresses": ["cs.hosur@hadpl.com"], "created_by": "cubestop-internal@darsa.ai", "company": 204, "status": "running"}, "29": {"id": 29, "company_name": "Cube", "alert_duration": "1800", "modes": ["PPCN", "CRDN", "CRCN"], "facilities": [230, 231, 232, 269, 270, 271, 272, 273, 261], "email_addresses": ["Vikram.Malhotra@hadpl.com"], "created_by": "cubestop-internal@darsa.ai", "company": 204, "status": "running"}, "57": {"id": 57, "company_name": "Cube", "alert_duration": "3600", "modes": ["PPCN", "CRDN", "CRCN"], "facilities": [230, 231, 232, 269, 270, 271, 273, 261, 272], "email_addresses": ["senthil.kumar@cubehighways.com"], "created_by": "cubestop-internal@darsa.ai", "company": 204, "status": "running"}, "66": {"id": 66, "company_name": "Cube", "alert_duration": "900", "modes": ["PPCN", "CRDN", "CRCN"], "facilities": [230, 231, 232, 269, 270, 271, 273, 272, 261], "email_addresses": ["support@darsa.ai"], "created_by": "cubestop-internal@darsa.ai", "company": 204, "status": "running"}, "16": {"id": 16, "company_name": "Cube", "alert_duration": "900", "modes": ["PPCN", "CRCN", "CRDN"], "facilities": [232], "email_addresses": ["cs.chikkaballapur@hadpl.com"], "created_by": "cubestop-internal@darsa.ai", "company": 204, "status": "running"}, "26": {"id": 26, "company_name": "ApSecuritas", "alert_duration": "3600", "modes": ["PPTR"], "facilities": [57, 234, 235, 236, 237, 239, 240, 241, 255], "email_addresses": ["noc_ai@apsecuritas.com"], "created_by": "apsecuritas-internal@darsa.ai", "company": 18, "status": "not_running"}, "25": {"id": 25, "company_name": "ApSecuritas", "alert_duration": "900", "modes": ["PPTR"], "facilities": [57, 234, 235, 236, 237, 239, 240, 241, 255], "email_addresses": ["support@darsa.ai"], "created_by": "apsecuritas-internal@darsa.ai", "company": 18, "status": "not_running"}, "44": {"id": 44, "company_name": "Kaalesuwari", "alert_duration": "900", "modes": ["PPTR", "FDDN", "CMTP", "ASMT"], "facilities": [262], "email_addresses": ["vivek@darsa.ai"], "created_by": "Kaleesuwari-internal@darsa.ai", "company": 211, "status": "not_running"}, "22": {"id": 22, "company_name": "AkashDigital", "alert_duration": "90", "modes": ["PPTR"], "facilities": [26], "email_addresses": ["support@darsa.ai"], "created_by": "ad@darsa.ai", "company": 7, "status": "not_running"}, "45": {"id": 45, "company_name": "Kaalesuwari", "alert_duration": "900", "modes": ["PPTR", "FDDN", "CMTP", "ASMT"], "facilities": [262], "email_addresses": ["Harshad.Chaudhari@securens.in"], "created_by": "Kaleesuwari-internal@darsa.ai", "company": 211, "status": "not_running"}, "46": {"id": 46, "company_name": "Kaalesuwari", "alert_duration": "900", "modes": ["PPTR", "FDDN", "CMTP", "ASMT"], "facilities": [262], "email_addresses": ["christhudas.lazarus@securens.in"], "created_by": "Kaleesuwari-internal@darsa.ai", "company": 211, "status": "not_running"}, "47": {"id": 47, "company_name": "Thyssenkurp", "alert_duration": "900", "modes": ["PPTR", "CMTP"], "facilities": [266], "email_addresses": ["vivek@darsa.ai"], "created_by": "Thyssenkurp-internal@darsa.ai", "company": 213, "status": "not_running"}, "48": {"id": 48, "company_name": "Thyssenkurp", "alert_duration": "900", "modes": ["PPTR", "CMTP"], "facilities": [266], "email_addresses": ["christhudas.lazarus@securens.in"], "created_by": "Thyssenkurp-internal@darsa.ai", "company": 213, "status": "not_running"}, "49": {"id": 49, "company_name": "Thyssenkurp", "alert_duration": "900", "modes": ["PPTR", "CMTP"], "facilities": [266], "email_addresses": ["Harshad.Chaudhari@securens.in"], "created_by": "Thyssenkurp-internal@darsa.ai", "company": 213, "status": "not_running"}}