{"cubestop-internal@darsa.ai": {"url": "cube.darsa.ai", "token": "94c9f433ca062832fb086f71ab852f653036b74f"}, "apsecuritas-internal@darsa.ai": {"url": "cube.darsa.ai", "token": "b68f9abe1a2023e9e9fb6582eafbcbea6840d4ab"}, "Kaleesuwari-internal@darsa.ai": {"url": "cube.darsa.ai", "token": "bfdcef13a60a239462cd01178f07db79d1daef58"}, "ad@darsa.ai": {"url": "cube.darsa.ai", "token": "7ee9004980579ce31c9d5004c334f72b288e4b4e"}, "Thyssenkurp-internal@darsa.ai": {"url": "cube.darsa.ai", "token": "1b9ba7ea9bac8001dbcdcc6174f52a0329cc0531"}}